repo,accuracy,auc,n_test,n_release
flask,0.525,0.5783208020050126,80,42
django,0.573170731707317,0.40594362745098034,82,48
cpython,0.6585365853658537,0.33228070175438595,82,57
numpy,0.6585365853658537,0.476521164021164,82,54
rails,0.6097560975609756,0.39157196969696967,82,66
rust,0.6341463414634146,0.40696161353285626,82,53
sklearn,0.6585365853658537,0.532329988851728,82,69
react,0.5121951219512195,0.4853905784138342,82,43
vscode,0.5975609756097561,0.575,82,60
